{"cameraMode":{"drawMode":0,"name":"Shaded","section":"Shading Mode"},"sceneLighting":true,"audioPlay":false,"sceneViewState":{"m_AlwaysRefresh":false,"showFog":true,"showSkybox":true,"showFlares":true,"showImageEffects":true,"showParticleSystems":true,"showVisualEffectGraphs":true,"m_FxEnabled":true},"in2DMode":false,"pivot":{"x":-1.5555784702301026,"y":5.0938944816589359,"z":-4.220754146575928},"rotation":{"x":-0.029173055663704873,"y":0.9705826640129089,"z":-0.15762801468372346,"w":-0.1796262413263321},"size":6.607905864715576,"orthographic":true}